id,date,state,city,killed,injured,inc_url,eve_url,latitude,longitude
473882,2015-12-27,Tennessee,Jackson,0,4,http://gunviolencearchive.org/incident/473882,http://www.wbbjtv.com/video/four-injured-in-bar-shooting/,35.6486,-88.8176
472268,2015-12-26,Pennsylvania,Philadelphia,0,4,http://gunviolencearchive.org/incident/472268,http://www.philly.com/philly/news/Four_injured_in_Feltonville_shooting.html,40.014,-75.1215
471867,2015-12-25,Florida,Jacksonville,0,4,http://gunviolencearchive.org/incident/471867,http://www.actionnewsjax.com/news/news/local/identities-christmas-night-quadruple-shooting-vict/npsT7/,30.3329,-81.6394
471860,2015-12-25,Alabama,Mobile,0,4,http://gunviolencearchive.org/incident/471860,http://m.wtvm.com/wtvm/db/376055/content/cDjbcCrb,30.6714,-88.2254
469468,2015-12-21,California,San Leandro,0,4,http://gunviolencearchive.org/incident/469468,http://www.sfgate.com/crime/article/2-arrested-for-shooting-4-people-outside-San-6717634.php,37.7096,-122.135
468968,2015-12-20,North Carolina,Wilmington,1,4,http://gunviolencearchive.org/incident/468968,http://www.wect.com/story/30795602/happening-today-wpd-to-discuss-fatal-shooting-investigation,34.2289,-77.9346
468787,2015-12-20,Florida,Miami (Goulds),1,4,http://gunviolencearchive.org/incident/468787,http://www.miamiherald.com/news/local/community/miami-dade/homestead/article50776055.html,25.5658,-80.3866
469614,2015-12-20,Florida,Miami-dade (county),0,4,http://gunviolencearchive.org/incident/469614,http://www.nbcmiami.com/news/local/Four-Injured-in-NE-Miami-Dade-Drive-By-Shooting-Police-363112801.html,25.9278,-80.1862
465117,2015-12-14,Illinois,Lovejoy (Brooklyn),1,3,http://gunviolencearchive.org/incident/465117,http://www.bnd.com/news/local/crime/article50905855.html,38.657,-90.1685
464665,2015-12-13,California,Los Angeles,1,3,http://gunviolencearchive.org/incident/464665,http://ktla.com/2015/12/14/man-killed-in-gunfire-at-the-standard-hotel-in-downtown-l-a-is-idd/,33.9879,-118.282
464945,2015-12-13,California,Huntington Beach,0,4,http://gunviolencearchive.org/incident/464945,http://www.ocregister.com/articles/beach-695979-shooting-huntington.html,33.7116,-117.991
464002,2015-12-12,Georgia,Savannah,0,4,http://gunviolencearchive.org/incident/464002,http://scmpd.org/four-injured-one-arrested-in-parking-garage-shooting/,32.0668,-81.0977
463642,2015-12-11,Maryland,Baltimore,1,3,http://gunviolencearchive.org/incident/463642,http://www.baltimoresun.com/news/maryland/crime/blog/bs-md-ci-homicide-20151211-story.html,39.3483,-76.6751
463734,2015-12-11,Pennsylvania,Pittsburgh (Mount Oliver),0,4,http://gunviolencearchive.org/incident/463734,http://www.wpxi.com/videos/news/11-year-old-2-teens-among-4-shot-in-mount-oliver/vDgDDB/,40.4159,-79.9875
461476,2015-12-08,Ohio,Cincinnati (Fairmount),1,3,http://gunviolencearchive.org/incident/461476,http://www.wlwt.com/news/Arrest-made-in-East-Westwood-shooting-that-killed-1-injured-3/37047878,39.1497,-84.5615
460049,2015-12-06,Louisiana,Raceland,1,3,http://gunviolencearchive.org/incident/460049,http://www.wdsu.com/news/local-news/new-orleans/1-man-dead-3-others-injured-after-raceland-house-party-ends-in-shooting/36827490,29.7193,-90.6093
460386,2015-12-06,Nebraska,Omaha,2,3,http://gunviolencearchive.org/incident/460386,http://www.ketv.com/news/man-wanted-in-double-homicide-turns-himself-in/36852730,41.3138,-96.0814
456893,2015-12-02,California,San Bernardino,16,19,http://gunviolencearchive.org/incident/456893,http://www.latimes.com/local/lanow/la-me-ln-san-bernardino-shooting-victims-htmlstory.html,34.0758,-117.277
457037,2015-12-02,Georgia,Savannah,1,3,http://gunviolencearchive.org/incident/457037,http://scmpd.org/metro-investigates-fatal-w-33rd-street-shooting/,32.0607,-81.1
455394,2015-11-29,Illinois,Kankakee,0,5,http://gunviolencearchive.org/incident/455394,http://chicago.cbslocal.com/2015/11/29/five-shot-during-party-at-kankakee-banquet-hall/,41.1193,-87.8576
455684,2015-11-27,California,Sacramento,2,2,http://gunviolencearchive.org/incident/455684,http://www.kcra.com/news/two-dead-two-injured-in-sacramento-restaurant-shooting/36680932,38.495,-121.41
454059,2015-11-27,Colorado,Colorado Springs,3,9,http://gunviolencearchive.org/incident/454059,http://www.koaa.com/story/30624860/family-members-identify-female-civilian-victim-of-planned-parenthood-shooting,38.8767,-104.847
454788,2015-11-24,South Carolina,Horry (county),0,4,http://gunviolencearchive.org/incident/454788,https://www.google.com/url?sa=t&rct=j&q=&esrc=s&source=web&cd=9&cad=rja&uact=8&ved=0ahUKEwjt3fKUnPPJAhWDHh4KHYcpAj4QFghGMAg&url=https%3A%2F%2Fm.facebook.com%2FHorry-County-Police-Department-Official-Page-135784896487265%2F%3F_ft_%3Dtop_level_post_id.96136,33.8706,-79.1407
452007,2015-11-23,Ohio,Columbus,4,1,http://gunviolencearchive.org/incident/452007,http://www.dispatch.com/content/stories/local/2015/11/24/Hilltop-shooting-witness.html,39.9533,-83.0662
452120,2015-11-23,Minnesota,Minneapolis,0,5,http://gunviolencearchive.org/incident/452120,http://kstp.com/news/stories/s3974371.shtml?cat=1,44.9861,-93.3045
453317,2015-11-22,Texas,Brownsville,0,4,http://gunviolencearchive.org/incident/453317,http://www.brownsvilleherald.com/news/local/article_e7877df0-99dd-11e5-b6af-ef64bf2b9431.html,25.9248,-97.4317
451495,2015-11-22,Louisiana,New Orleans,0,17,http://gunviolencearchive.org/incident/451495,http://www.ksla.com/story/30736847/nopd-ninth-bunny-friend-playground-shooting-suspect-in-custody,29.9748,-90.0372
451305,2015-11-22,New York,Newburgh,0,5,http://gunviolencearchive.org/incident/451305,http://www.recordonline.com/article/20151123/NEWS/151129781,41.5004,-74.0187
452362,2015-11-22,South Carolina,North Charleston,1,3,http://gunviolencearchive.org/incident/452362,http://www.postandcourier.com/article/20151222/PC16/151229852/suspect-charged-with-murder-after-park-circle-car-chase,32.8805,-79.9861
451338,2015-11-22,Washington,Seattle,0,4,http://gunviolencearchive.org/incident/451338,http://www.capitolhillseattle.com/2015/12/spd-report-on-broadwaypike-shooting-released/?utm_source=CapitolHillSeattle.com+List&utm_campaign=54a876ace8-CHS_Daily_Subscriber_Mail_Morning10_19_2014&utm_medium=email&utm_term=0_caa1513de4-54a876ace8-432482293,47.6141,-122.321
451349,2015-11-22,Illinois,Chicago,0,4,http://gunviolencearchive.org/incident/451349,http://chicago.suntimes.com/crime/7/71/1122687/four-shot-north-lawndale,41.8666,-87.6902
451057,2015-11-21,Maryland,Baltimore,1,3,http://gunviolencearchive.org/incident/451057,http://baltimore.cbslocal.com/2015/11/21/multiple-people-reportedly-shot-in-baltimore/,39.3058,-76.6419
450505,2015-11-20,Pennsylvania,Pittsburgh,1,3,http://gunviolencearchive.org/incident/450505,http://www.wpxi.com/news/news/local/least-3-people-shot-east-pittsburgh/npRfP/,40.4314,-79.9356
449814,2015-11-18,California,Fresno,0,5,http://gunviolencearchive.org/incident/449814,http://www.fresnobee.com/news/local/crime/article45506775.html,36.7214,-119.8
448653,2015-11-16,Alabama,Cherokee (county),3,1,http://gunviolencearchive.org/incident/448653,http://www.wmcactionnews5.com/story/30527937/3-women-killed-man-shot-woman-kidnapped-in-cherokee-co,34.2313,-85.6933
448419,2015-11-15,Texas,Tennessee Colony,5,0,http://gunviolencearchive.org/incident/448419,http://www.palestineherald.com/news/da-releases-cause-of-death/article_d7ead3a8-8fe0-11e5-a64b-7fe899299eab.html,31.8076,-95.8069
448286,2015-11-15,Pennsylvania,Philadelphia,0,4,http://gunviolencearchive.org/incident/448286,http://www.nbcphiladelphia.com/news/local/Philadelphia-Chinese-Restaurant-Shooting-Gunman-350246221.html,40.0483,-75.1602
447462,2015-11-14,Pennsylvania,Johnstown,0,4,http://gunviolencearchive.org/incident/447462,http://www.wjactv.com/news/features/top-stories/stories/da-no-suspect-shootings-owner-building-not-known-7616.shtml,40.3432,-78.8837
446996,2015-11-13,Florida,Jacksonville,4,1,http://gunviolencearchive.org/incident/446996,http://www.firstcoastnews.com/story/news/2015/11/13/jso-conducting-death-investigation-on-northside/75728982/,30.4653,-81.6075
444458,2015-11-09,Indiana,Indianapolis,2,2,http://gunviolencearchive.org/incident/444458,http://www.indystar.com/story/news/crime/2015/11/17/three-charged-after-dice-game-turns-deadly/75929968/,39.7729,-86.123
444168,2015-11-08,Michigan,Warren,0,4,http://gunviolencearchive.org/incident/444168,http://www.wxyz.com/news/region/macomb-county/four-shot-two-critically-injured-in-shooting-at-detroits-finsest-hall-in-warren,42.4494,-82.9825
443821,2015-11-08,Iowa,Des Moines,1,3,http://gunviolencearchive.org/incident/443821,http://www.kcci.com/news/names-of-victims-in-nightclub-shooting-released/36366850,41.6398,-93.625
443652,2015-11-07,Colorado,Denver,1,3,http://gunviolencearchive.org/incident/443652,http://www.9news.com/story/news/crime/2015/11/09/bayaud-bannock-victim-identified/75459690/,39.7148,-104.99
444406,2015-11-06,California,Bakersfield,0,4,http://gunviolencearchive.org/incident/444406,http://www.turnto23.com/news/local-news/3-adults-15-year-old-girl-injured-in-se-bakersfield-shooting,35.3506,-118.99
441681,2015-11-03,Florida,Jacksonville,2,3,http://gunviolencearchive.org/incident/441681,http://www.news4jax.com/news/police-identify-man-killed-in-driveby-in-nw-jax/36253734,30.3475,-81.6927
440743,2015-11-02,South Carolina,Pendleton,4,0,http://gunviolencearchive.org/incident/440743,http://www.greenvilleonline.com/story/news/crime/2015/11/03/anderson-county-sheriffs-office-4-adults-murdered/75091588/,34.6474,-82.748
438651,2015-10-28,Louisiana,Houma,1,3,http://gunviolencearchive.org/incident/438651,http://www.fox8live.com/story/30386078/arrest-warrants-issued-for-suspects-in-houma-quadruple-shooting,29.595,-90.7306
437836,2015-10-27,Texas,Fort Worth,0,5,http://gunviolencearchive.org/incident/437836,http://www.wfaa.com/story/news/local/tarrant-county/2015/10/27/five-injured-gunfire-fort-worth/74716370/,32.6706,-97.3452
437323,2015-10-26,Indiana,Evansville,0,5,http://gunviolencearchive.org/incident/437323,http://www.courierpress.com/news/crime/police-robbery-attempt-sparked-shootings-that-injured-five-2315a1b2-f470-7b24-e053-0100007f6187-337606071.html,37.9819,-87.5537
436202,2015-10-25,North Carolina,Four Oaks,0,5,http://gunviolencearchive.org/incident/436202,http://www.wral.com/five-injured-in-johnston-county-shooting/15014504/,35.3651,-78.3554
436234,2015-10-25,Arizona,Phoenix,1,4,http://gunviolencearchive.org/incident/436234,http://www.azcentral.com/story/news/local/phoenix/breaking/2015/10/25/two-men-shot-st-lukes-medical-center/74583906/,33.4067,-112.065
436240,2015-10-25,District of Columbia,Washington,0,5,http://gunviolencearchive.org/incident/436240,http://www.fox5dc.com/news/local-news/38904712-story,38.8327,-76.988
436219,2015-10-24,South Carolina,Bamberg,0,4,http://gunviolencearchive.org/incident/436219,http://thetandd.com/news/local/four-injured-in-pool-hall-shooting/article_a157d613-bf11-57e7-b68b-0c8a9060232c.html,33.3011,-81.0339
435144,2015-10-22,Tennessee,Nashville,1,3,http://gunviolencearchive.org/incident/435144,http://www.wsmv.com/story/30332703/1-killed-3-others-injured-in-shooting-on-tsu-campus,36.167,-86.8286
433146,2015-10-19,Illinois,Calumet City,0,6,http://gunviolencearchive.org/incident/433146,http://www.nwitimes.com/news/local/illinois/update-six-shot-in-drive-by-shooting-in-calumet-city/article_cc0067fe-4eea-5878-8de9-8f6fec2ca9db.html,41.6294,-87.5509
432711,2015-10-18,Louisiana,New Orleans,0,4,http://gunviolencearchive.org/incident/432711,http://www.wwltv.com/story/news/local/orleans/2015/10/19/playground-party-ends-gunfire/74235238/,29.9772,-90.0112
432466,2015-10-17,Florida,Fort Myers,1,4,http://gunviolencearchive.org/incident/432466,http://www.winknews.com/2015/10/18/1-killed-4-injured-at-zombicon-in-downtown-fort-myers-after-shooting/,26.6439,-81.8705
432072,2015-10-17,Indiana,Elkhart,0,4,http://gunviolencearchive.org/incident/432072,http://www.southbendtribune.com/news/four-suffer-gunshot-wounds-in-huge-elkhart-brawl/article_a08030ea-74db-11e5-b27b-87f0b05c6445.html,41.6901,-85.9667
429410,2015-10-12,Georgia,Decatur,0,4,http://gunviolencearchive.org/incident/429410,http://m.wsbtv.com/news/news/local/child-critical-following-quadruple-shooting-deK/nn2GZ/,33.7369,-84.2243
428215,2015-10-10,Tennessee,Memphis,0,6,http://gunviolencearchive.org/incident/428215,http://wreg.com/2015/10/10/6-shot-1-stabbed-in-separate-incidents/,35.0697,-89.8568
428247,2015-10-10,North Carolina,Charlotte,0,4,http://gunviolencearchive.org/incident/428247,http://www.twcnews.com/nc/charlotte/news/2015/10/10/four-people-shot-in-west-charlotte-home.html,35.2143,-80.8897
429614,2015-10-10,Illinois,Peoria,1,3,http://gunviolencearchive.org/incident/429614,http://www.nbcchicago.com/news/local/6-Arrested-After-Home-Invasion-Leaves-14-Year-Old-Boy-Dead-336277941.html,40.7171,-89.6011
427621,2015-10-09,Arizona,Flagstaff,1,3,http://gunviolencearchive.org/incident/427621,http://www.scrippsmedia.com/kgun9/news/Deadly-shooting-on-NAU-Flagstaff-campus-Friday-morning-331516752.html,35.1987,-111.65
426256,2015-10-06,Maryland,Baltimore,0,5,http://gunviolencearchive.org/incident/426256,http://baltimore.cbslocal.com/2015/10/06/at-least-2-shot-in-baltimore/,39.2919,-76.6489
424224,2015-10-02,Maryland,Baltimore,1,4,http://gunviolencearchive.org/incident/424224,http://www.baltimoresun.com/news/maryland/crime/blog/bs-md-ci-reisterstown-road-shooting-20151002-story.html,39.3463,-76.6884
423223,2015-10-01,Oregon,Roseburg,10,9,http://gunviolencearchive.org/incident/423223,http://www.kval.com/news/local/Nine-wounded-victims-in-UCC-Umpqua-Community-College-shooting-Mercy-Medical-Roseburg-Oregon-330413951.html,43.2628,-123.28
421650,2015-09-28,Ohio,Cincinnati (Evanston),0,5,http://gunviolencearchive.org/incident/421650,http://www.local12.com/news/features/top-stories/stories/Arrest-made-in-drive-by-shooting-that-hit-3-yr-old-boy-214917.shtml,39.1374,-84.472
422064,2015-09-28,Illinois,Chicago,3,2,http://gunviolencearchive.org/incident/422064,http://chicago.suntimes.com/crime/7/71/1139683/man-18-charged-triple-homicide-fuller-park-barbecue,41.8184,-87.6338
422035,2015-09-28,Illinois,Chicago,2,3,http://gunviolencearchive.org/incident/422035,http://chicago.cbslocal.com/2015/09/29/two-cpd-officers-hailed-for-rushing-wounded-baby-to-hospital/,41.7977,-87.6529
422020,2015-09-28,Ohio,Dayton,0,4,http://gunviolencearchive.org/incident/422020,http://www.whio.com/news/news/crime-law/multiple-victims-reported-in-dayton-shooting/nnqSG/,39.7583,-84.2354
421014,2015-09-27,Georgia,Greenville,0,10,http://gunviolencearchive.org/incident/421014,http://news.blog.ajc.com/2015/10/28/2nd-suspect-arrested-in-west-georgia-club-shooting-that-wounded-10-people/,33.0312,-84.7298
421358,2015-09-27,Illinois,Chicago,0,4,http://gunviolencearchive.org/incident/421358,http://chicago.cbslocal.com/2015/09/28/4-killed-53-wounded-in-weekend-shootings-across-chicago/,41.7994,-87.6638
420855,2015-09-27,Missouri,Kansas City,0,4,http://gunviolencearchive.org/incident/420855,http://www.kctv5.com/story/30125432/four-shot-outside-jazz-club-in-18th-vine-district,39.0913,-94.562
426559,2015-09-25,Illinois,Danville,0,4,http://gunviolencearchive.org/incident/426559,http://www.news-gazette.com/news/local/2015-10-05/danville-police-seek-information-shooting-injured-1.html,40.1402,-87.6022
419718,2015-09-24,Illinois,Chicago,0,5,http://gunviolencearchive.org/incident/419718,http://www.dnainfo.com/chicago/20150925/back-of-yards/5-wounded-3-critically-back-of-yards-shooting,41.8015,-87.6502
419250,2015-09-23,Louisiana,Shreveport,0,5,http://gunviolencearchive.org/incident/419250,http://www.ksla.com/story/30102687/multiple-people-wounded-in-shooting-in-shreveport,32.5491,-93.8241
418964,2015-09-23,Florida,Fort Myers,0,4,http://gunviolencearchive.org/incident/418964,http://www.nbc-2.com/story/30102691/breaking-fmpd-responding-to-report-of-two-children-shot#.VgRCGma9CDI,26.6471,-81.8401
419826,2015-09-23,Georgia,Norcross,1,3,http://gunviolencearchive.org/incident/419826,http://www.11alive.com/story/news/local/norcross/2015/09/24/police-one-dead-several-injured-norcross-shooting,33.9105,-84.1744
417284,2015-09-20,Pennsylvania,Philadelphia,1,3,http://gunviolencearchive.org/incident/417284,http://www.nbcphiladelphia.com/news/local/Motorcycle-Club-Biker-Gang-Shooting-Tavern-Philadelphia-Virgnia--328593261.html,40.0307,-75.093
416872,2015-09-20,Illinois,Chicago,1,5,http://gunviolencearchive.org/incident/416872,http://chicago.cbslocal.com/2015/09/19/19-shot-in-chicago-since-friday-night/,41.7909,-87.6292
417013,2015-09-20,Oklahoma,Tulsa,0,6,http://gunviolencearchive.org/incident/417013,https://www.google.com/url?sa=t&rct=j&q=&esrc=s&source=web&cd=3&cad=rja&uact=8&ved=0ahUKEwi2wszo_v7JAhWIoD4KHU9BAZYQFggkMAI&url=http%3A%2F%2Fwww.fox23.com%2Fnews%2Fnews%2Flocal%2Fshots-ring-out-injure-six-north-tulsa-nightclub%2FnnjcS%2F&usg=AFQjCNGBBkK1D,36.1771,-95.9225
416812,2015-09-19,Indiana,Indianapolis,1,3,http://gunviolencearchive.org/incident/416812,http://www.indystar.com/story/news/crime/2015/09/19/4-people-shot-northside/72498548/,39.8264,-86.1628
418318,2015-09-17,South Dakota,Platte,6,0,http://gunviolencearchive.org/incident/418318,http://www.dailymail.co.uk/news/article-3250365/Elementary-school-funeral-remembers-four-children-killed-murder-suicide-South-Dakota-father-burnt-home-focus-state-audit.html,0,0
415687,2015-09-17,Michigan,Albion,0,4,http://gunviolencearchive.org/incident/415687,http://www.wilx.com/home/headlines/Four-People-Shot-in-Albion-328186651.html,42.2569,-84.7601
414580,2015-09-15,New Jersey,Newark,0,4,http://gunviolencearchive.org/incident/414580,http://www.nbcnewyork.com/news/local/At-Least-4-Injured-in-New-Jersey-Shooting-Police-327805291.html,40.7321,-74.1893
413001,2015-09-13,Florida,Ocala,1,5,http://gunviolencearchive.org/incident/413001,http://www.ocala.com/article/20151026/articles/151029803,29.1685,-82.1384
412996,2015-09-12,Louisiana,Shreveport,0,4,http://gunviolencearchive.org/incident/412996,http://www.shreveporttimes.com/story/news/2015/09/13/four-injured-drive--shooting-police-seeking-shooters/72236060/,32.458,-93.7609
412487,2015-09-12,New York,Rochester,2,4,http://gunviolencearchive.org/incident/412487,http://www.democratandchronicle.com/story/news/2015/09/14/city-shooting-suspect-due-court/72247558/,43.1643,-77.5993
412529,2015-09-12,Minnesota,Minneapolis,0,6,http://gunviolencearchive.org/incident/412529,http://kstp.com/news/stories/S3912729.shtml?cat=127,44.9804,-93.2738
412539,2015-09-12,Minnesota,Minneapolis,1,3,http://gunviolencearchive.org/incident/412539,http://minnesota.cbslocal.com/2015/09/24/medical-examiner-identifies-man-shot-killed-in-n-mpls-shooting/,45.0015,-93.2957
412557,2015-09-11,North Carolina,Charlotte,0,5,http://gunviolencearchive.org/incident/412557,http://www.wcnc.com/story/news/crime/2015/09/12/3-men-charged--nc-music-factory-shootings/72144018/,35.2392,-80.8457
412040,2015-09-10,Minnesota,Excelsior (Greenwood),5,0,http://gunviolencearchive.org/incident/412040,http://www.startribune.com/investigation-continues-into-deaths-of-greenwood-family/326692481/,47.6919,-95.4311
411888,2015-09-08,Georgia,Berlin,0,4,http://gunviolencearchive.org/incident/411888,http://www.moultrieobserver.com/news/local_news/lawmen-respond-to-violence-reports/article_da7bed02-5681-11e5-ac59-5f0bcb2b41e2.html?mode=jqm,31.0691,-83.6237
409856,2015-09-08,Illinois,Chicago,0,4,http://gunviolencearchive.org/incident/409856,http://chicago.suntimes.com/crime/7/71/936727/police-3-killed-14-wounded-chicago-weekend-shootings,41.7925,-87.6463
409732,2015-09-07,Indiana,Gary,2,4,http://gunviolencearchive.org/incident/409732,http://www.nwitimes.com/news/local/lake/gary/gary-shootout-leaves-dead-several-wounded/article_c98c26ea-56f8-56bb-813d-5d5628587070.html,41.5971,-87.2256
409601,2015-09-07,Colorado,Denver,0,4,http://gunviolencearchive.org/incident/409601,http://www.westword.com/news/lodo-shootings-outside-club-beta-white-party-4-vics-no-named-suspects-7117643,39.7538,-104.995
408449,2015-09-05,North Carolina,Charlotte,1,3,http://gunviolencearchive.org/incident/408449,http://www.charlotteobserver.com/news/local/crime/article34223289.html,35.1607,-80.9106
408276,2015-09-05,Florida,Daytona Beach,0,4,http://gunviolencearchive.org/incident/408276,http://www.wftv.com/news/news/local/police-4-shot-outside-daytona-beach-nightclub/nnYsn/,29.2131,-81.0295
409101,2015-09-05,Nevada,Las Vegas,1,3,http://gunviolencearchive.org/incident/409101,http://www.scrippsmedia.com/ktnv/news/1-killed-several-wounded-in-shooting-in-east-Las-Vegas-324782331.html,36.0924,-115.029
408256,2015-09-05,Missouri,Columbia,0,4,http://gunviolencearchive.org/incident/408256,http://www.columbiamissourian.com/news/local/arrest-made-in-vfw-shooting/article_2595face-74f7-11e5-9466-a3a56c30709b.html,38.9673,-92.3187
404167,2015-08-30,Tennessee,Memphis,1,4,http://gunviolencearchive.org/incident/404167,http://www.commercialappeal.com/news/local-news/crime/shootings_sunday_19674929,35.1495,-90.049
404238,2015-08-29,Tennessee,Bristol,3,2,http://gunviolencearchive.org/incident/404238,http://wjhl.com/2015/08/31/19-year-old-man-accused-of-killing-mother-step-dad-grandmother-in-bristol/,36.5738,-82.0968
405133,2015-08-29,Texas,Tyler,1,3,http://gunviolencearchive.org/incident/405133,http://www.kltv.com/story/30263419/arrest-warrant-reveals-new-details-about-fatal-gang-shooting-at-bunnys-truck-stop,32.3899,-95.2897
403069,2015-08-28,New York,Brooklyn,1,3,http://gunviolencearchive.org/incident/403069,http://www.nydailynews.com/new-york/nyc-crime/gang-slay-eyed-gov-cuomo-aide-murder-article-1.2370574,40.6591,-73.9602
403669,2015-08-27,California,Salinas,2,2,http://gunviolencearchive.org/incident/403669,http://www.ksbw.com/news/salinas-double-homicide-victims-suspect-identified/34976328,36.6551,-121.658
401884,2015-08-26,Minnesota,Minneapolis (Brooklyn Center),0,4,http://gunviolencearchive.org/incident/401884,https://www.google.com/url?sa=t&rct=j&q=&esrc=s&source=web&cd=1&cad=rja&uact=8&ved=0ahUKEwiUvsX80oHKAhUBXD4KHZepCJcQFggcMAA&url=http%3A%2F%2Fwww.fox9.com%2Fnews%2F12066436-story&usg=AFQjCNGjXD8eHkuXH_tikWD22XWC426T5g,45.0459,-93.3271
402051,2015-08-26,Florida,West Palm Beach,2,2,http://gunviolencearchive.org/incident/402051,http://www.mypalmbeachpost.com/news/news/see-the-video-unintelligible-footage-from-camera-n/nnc94/u,26.7318,-80.0595
402113,2015-08-26,Illinois,Chicago,1,3,http://gunviolencearchive.org/incident/402113,http://www.chicagotribune.com/news/local/breaking/ct-3-shot-in-east-garfield-park-20150826-story.html,41.8757,-87.702
402108,2015-08-25,Louisiana,New Orleans,1,3,http://gunviolencearchive.org/incident/402108,http://www.nola.com/crime/index.ssf/2015/08/man_killed_in_quadruple_shooti.html,29.9618,-90.1112
400091,2015-08-23,California,Modesto,1,7,http://gunviolencearchive.org/incident/400091,http://www.modbee.com/news/local/crime/article31965084.html,37.6454,-121.023
399883,2015-08-22,Florida,Orlando (Pine Hills),0,4,http://gunviolencearchive.org/incident/399883,http://www.orlandosentinel.com/news/breaking-news/os-three-shot-gas-station-pine-hills-20150822-story.html,28.5382,-81.3481
399564,2015-08-22,New Mexico,Roswell,3,1,http://gunviolencearchive.org/incident/399564,http://rdrnews.com/wordpress/blog/2015/09/20/police-reports-reveal-homicide-details/,33.3814,-104.518
399212,2015-08-21,North Carolina,Durham,0,8,http://gunviolencearchive.org/incident/399212,http://www.wral.com/eight-injured-in-durham-drive-by-shooting-no-arrests-made/14846369/,36.0297,-78.8777
399367,2015-08-21,Ohio,Cincinnati,2,5,http://gunviolencearchive.org/incident/399367,http://www.cincinnati.com/story/news/2015/08/22/police-5-injured-2-dead--madisonville-shooting/32189603/,39.1595,-84.3908
398975,2015-08-20,Texas,Grulla (La Grulla),2,2,http://gunviolencearchive.org/incident/398975,http://www.krgv.com/news/local-news/Identity-of-Shooting-Victim-Released/34936570,26.2787,-98.6457
398361,2015-08-19,New York,Rochester,3,4,http://gunviolencearchive.org/incident/398361,http://www.democratandchronicle.com/story/news/2015/09/15/parolee-suspect-mass-shooting-boys-girls-club/72304134/,43.1402,-77.6359
395844,2015-08-16,Texas,Fort Worth,0,6,http://gunviolencearchive.org/incident/395844,http://www.star-telegram.com/news/local/community/fort-worth/article31246733.html,32.6336,-97.3723
395757,2015-08-16,Illinois,Chicago,0,4,http://gunviolencearchive.org/incident/395757,http://www.dnainfo.com/chicago/20150816/austin/3-men-1-female-passerby-injured-austin-party-shooting-police-say,41.9025,-87.7612
395718,2015-08-16,South Carolina,Bennettsville,0,5,http://gunviolencearchive.org/incident/395718,http://www.scnow.com/news/local/article_2e90d5ca-4a74-11e5-aece-4fce73bc32b5.html,34.6583,-79.6927
395837,2015-08-15,Pennsylvania,Pittsburgh,1,3,http://gunviolencearchive.org/incident/395837,http://www.wpxi.com/news/news/local/3-shot-1-dead-west-end-shooting/nnK5P/,40.4475,-80.0743
395694,2015-08-15,California,Los Angeles,0,4,http://gunviolencearchive.org/incident/395694,http://abc7.com/news/4-people-in-car-injured-after-gunman-opens-fire-in-south-los-angeles/935475/,33.991,-118.3
395549,2015-08-15,South Carolina,Orangeburg,1,3,http://gunviolencearchive.org/incident/395549,http://thetandd.com/news/manager-says-club-will-fight-lawsuit-by-shooting-victim/article_fe16e27f-5a5d-53ca-9e32-c171d19ade3f.html,33.4788,-80.9084
392131,2015-08-10,California,Long Beach,0,4,http://gunviolencearchive.org/incident/392131,http://abc7.com/news/4-people-hurt-in-apparent-drive-by-shooting-in-long-beach/921418/,33.779,-118.171
391263,2015-08-09,Mississippi,Forest,1,3,http://gunviolencearchive.org/incident/391263,http://www.wtok.com/home/headlines/Forest-Shooting-Death-Arrests-322312941.html,32.3708,-89.4567
391219,2015-08-09,Michigan,Detroit,1,3,http://gunviolencearchive.org/incident/391219,http://www.detroitnews.com/story/news/local/detroit-city/2015/08/10/dead-wounded-overnight-detroit-shootings/31403023/,42.4248,-82.965
391014,2015-08-09,Missouri,Kansas City,0,4,http://gunviolencearchive.org/incident/391014,http://www.kctv5.com/story/29743656/two-injured-in-westport-shooting,39.0551,-94.5931
390914,2015-08-08,North Carolina,Gastonia,2,3,http://gunviolencearchive.org/incident/390914,http://wncn.com/2015/08/11/he-just-killed-my-dad-911-calls-reveal-moments-before-nc-shootout/,35.1922,-81.2406
390526,2015-08-08,Texas,Houston,8,0,http://gunviolencearchive.org/incident/390526,http://www.khou.com/story/news/2015/09/21/new-details-emerge-in-murder-of-6-kids-2-adults/72592656/,29.9199,-95.452
390774,2015-08-08,Arkansas,Blytheville,1,11,http://gunviolencearchive.org/incident/390774,http://www.blythevillecourier.com/story/2248074.html,35.9194,-89.8967
390050,2015-08-07,Vermont,Barre (Berlin),4,0,http://gunviolencearchive.org/incident/390050,http://timesargus.com/article/20150813/THISJUSTIN/708139913,44.1984,-72.5351
389057,2015-08-06,South Carolina,Columbia,0,4,http://gunviolencearchive.org/incident/389057,http://www.wltx.com/story/news/crime/crime-stoppers/2015/08/12/vehicle-interest-identified-shooting-4-people/31546637/,34.0124,-81.0111
389149,2015-08-04,Missouri,Saint Louis,1,4,http://gunviolencearchive.org/incident/389149,http://www.stltoday.com/news/local/crime-and-courts/two-men-killed-wounded-in-overnight-shootings-in-st-louis/article_5d1e6dce-ee47-5da2-8a78-65e0283841fc.html,38.672,-90.2691
387194,2015-08-03,New York,Brooklyn,0,5,http://gunviolencearchive.org/incident/387194,http://www.nydailynews.com/new-york/nyc-crime/cops-bust-4th-suspect-drive-by-killed-unborn-baby-article-1.2343998,40.6756,-74.0096
385824,2015-08-02,Illinois,Chicago,1,4,http://gunviolencearchive.org/incident/385824,http://www.dnainfo.com/chicago/20150802/austin/5-shot-1-fatally-outside-austin-party-early-sunday-police-say,41.9051,-87.7461
386140,2015-08-02,Maryland,Baltimore,0,7,http://gunviolencearchive.org/incident/386140,http://www.baltimoresun.com/news/maryland/crime/blog/bal-7-shot-in-single-incident-in-w-baltimore-neighborhood-20150802-story.html,39.3501,-76.6638
385779,2015-08-02,New York,Brooklyn,0,9,http://gunviolencearchive.org/incident/385779,http://abc7ny.com/news/gunmen-sought-after-9-shot-in-brooklyn;-total-of-19-shot-over-weekend-in-nyc/898447/,40.6655,-73.8675
386066,2015-08-02,Georgia,Savannah,0,5,http://gunviolencearchive.org/incident/386066,http://m.wtoc.com/wtoc/db/350145/content/lTj70D7u,32.0631,-81.1004
401742,2015-08-02,Illinois,Chicago,0,4,http://gunviolencearchive.org/incident/401742,http://www.chicagotribune.com/news/local/breaking/ct-chicago-shooting-violence-20150802-story.html,41.7721,-87.6725
386937,2015-08-01,Florida,Orlando,0,4,http://gunviolencearchive.org/incident/386937,http://www.orlandosentinel.com/news/breaking-news/os-victor-hernandez-shot-eye-orlando-20150803-story.html,0,0
384662,2015-07-30,Pennsylvania,Pittsburgh,0,4,http://gunviolencearchive.org/incident/384662,http://www.wtae.com/news/12yearold-shot-in-homewood-north/34453952,40.4583,-79.8886
382459,2015-07-27,Illinois,Rockford,0,5,http://gunviolencearchive.org/incident/382459,http://www.wifr.com/home/headlines/Five-People-Shot-at-House-Party-318631191.html,42.2637,-89.109
382170,2015-07-26,Louisiana,New Orleans,0,4,http://gunviolencearchive.org/incident/382170,http://www.nola.com/crime/index.ssf/2015/07/4_shot_in_assault_rifle_attack.html#incart_story_package,29.9887,-90.035
381814,2015-07-26,Missouri,Kansas City,2,3,http://gunviolencearchive.org/incident/381814,http://www.kansascity.com/news/local/crime/article39553845.html,39.1071,-94.5202
381433,2015-07-25,Virginia,Hopewell,0,4,http://gunviolencearchive.org/incident/381433,http://www.nbc12.com/story/29682598/police-make-arrest-in-shotgun-shooting-that-injured-4-in-hopewell,37.3058,-77.2941
382413,2015-07-24,Pennsylvania,Erie,2,4,http://gunviolencearchive.org/incident/382413,http://www.erietvnews.com/story/29640437/4th-gun-recovered-in-investigation-into-deadly-shootout,42.0988,-80.1011
380162,2015-07-23,Louisiana,Lafayette,3,9,http://gunviolencearchive.org/incident/380162,http://www.theadvertiser.com/story/news/2015/07/24/update-shooting-investigation-leads-police-motel/30608859/,30.202,-92.0459
379166,2015-07-22,Georgia,Suwanee,5,0,http://gunviolencearchive.org/incident/379166,http://www.ajc.com/news/news/crime-law/5th-person-dies-after-july-murder-suicide-in-forsy/npcqz/,34.0802,-84.1272
378452,2015-07-21,Florida,Miami Gardens,1,3,http://gunviolencearchive.org/incident/378452,http://www.wsvn.com/story/29597409/shooting-outside-miami-gardens-night-club-leaves-1-dead,25.9411,-80.2434
377878,2015-07-20,New York,Bronx,0,6,http://gunviolencearchive.org/incident/377878,http://nypost.com/2015/07/20/six-shot-at-nyc-park-party-in-the-bronx/,40.8211,-73.9257
377047,2015-07-19,Kentucky,Louisville,0,6,http://gunviolencearchive.org/incident/377047,http://www.wmcactionnews5.com/story/30068845/louisville-man-charged-in-connection-to-july-nightclub-shooting,38.2436,-85.8024
377189,2015-07-19,Virginia,Suffolk,0,4,http://gunviolencearchive.org/incident/377189,http://wavy.com/2015/07/19/breaking-four-people-shot-in-suffolk/,36.7257,-76.5677
377181,2015-07-19,North Carolina,Rocky Mount,0,4,http://gunviolencearchive.org/incident/377181,http://abc11.com/news/infant-seriously-injured-in-shooting-on-highway-64-/863397/,35.9457,-77.7581
378102,2015-07-18,California,San Diego,0,4,http://gunviolencearchive.org/incident/378102,http://www.cbs8.com/story/29582039/police-looking-for-man-who-shot-4-in-logan-heights,32.7043,-117.124
390936,2015-07-18,California,Santa Paula,0,5,http://gunviolencearchive.org/incident/390936,http://www.santapaulatimes.com/news/archivestory.php/aid/30225/SPPD:_Suspect_in_party_bus_drop-off_shooting_arrested_Saturday.html,34.4009,-119.08
376702,2015-07-18,Oregon,Salem,1,4,http://gunviolencearchive.org/incident/376702,http://apps.co.marion.or.us/JailRosters/mccf_roster.html#,44.9489,-122.991
377423,2015-07-18,Louisiana,Baton Rouge,2,2,http://gunviolencearchive.org/incident/377423,http://www.ksla.com/story/29582821/baton-rouge-police-drive-by-shooters-kill-2-injure-2,30.4457,-91.171
376211,2015-07-17,Illinois,Chicago,0,5,http://gunviolencearchive.org/incident/376211,http://www.nbcchicago.com/news/local/chicago-violence-five-shot-west-garfield-park-friday-316363111.html,41.8848,-87.7359
376203,2015-07-17,Ohio,Cincinnati (Westwood),0,4,http://gunviolencearchive.org/incident/376203,http://www.wlwt.com/news/police-multiple-people-shot-in-westwood/34228566,39.1436,-84.5789
375022,2015-07-16,Tennessee,Chattanooga,6,2,http://gunviolencearchive.org/incident/375022,http://www.huffingtonpost.com/entry/shooter-tennessee-quran_55aab832e4b065dfe89e8af5?,35.0905,-85.2591
375773,2015-07-16,Texas,Dallas,0,5,http://gunviolencearchive.org/incident/375773,http://crimeblog.dallasnews.com/2015/07/man-18-held-in-shooting-of-minyard-food-store-security-guard.html/,32.7788,-96.8565
374602,2015-07-15,Georgia,Atlanta,0,5,http://gunviolencearchive.org/incident/374602,http://m.wsbtv.com/news/news/local/double-shooting-investigated-nw-atlanta/nmzQt/,33.7689,-84.4638
375322,2015-07-15,Maryland,Baltimore,1,3,http://gunviolencearchive.org/incident/375322,http://data.baltimoresun.com/bing-maps/homicides/index.php?show_results=UPDATE+MAP&range=30&district=all&zipcode=All&cause=shooting&age=all&gender=all&race=all&article=all,39.3285,-76.6824
375412,2015-07-15,Ohio,Cleveland,0,7,http://gunviolencearchive.org/incident/375412,http://fox8.com/2015/07/16/at-least-7-injured-in-overnight-drive-by-shooting-on-clevelands-east-side/,41.5376,-81.6019
374965,2015-07-15,Michigan,Detroit,0,4,http://gunviolencearchive.org/incident/374965,http://www.freep.com/story/news/local/michigan/detroit/2015/07/15/detroit-shooting-4-people-shot-west-side/30220511/,42.362,-83.2117
374630,2015-07-15,South Carolina,Holly Hill,4,1,http://gunviolencearchive.org/incident/374630,http://thetandd.com/news/sheriff-dad-s-drug-dealing-responsible-for-deaths/article_d54693a5-3dfb-56fb-90d9-50e7c8533f28.html,33.3467,-80.45
374292,2015-07-14,Missouri,Saint Louis,0,4,http://gunviolencearchive.org/incident/374292,http://www.kmov.com/story/29549465/police-investigating-quadruple-shooting-in-north-st-louis,38.7227,-90.2361
373993,2015-07-13,California,Norwalk,0,4,http://gunviolencearchive.org/incident/373993,http://www.presstelegram.com/general-news/20150713/four-shot-at-hermosillo-park-in-norwalk-suspects-at-large,33.8844,-118.078
373768,2015-07-13,California,Stockton,1,4,http://gunviolencearchive.org/incident/373768,http://sacramento.cbslocal.com/2015/07/13/1-dead-4-injured-in-stockton-shooting-2/,37.9709,-121.291
373095,2015-07-12,Illinois,River Forest,2,3,http://gunviolencearchive.org/incident/373095,http://patch.com/illinois/oakpark/police-shooting-river-forest-sunday-morning,41.8819,-87.815
373063,2015-07-12,New Jersey,Jersey City,0,4,http://gunviolencearchive.org/incident/373063,http://www.nj.com/hudson/index.ssf/2015/07/four_people_injured_in_jersey_city_shooting_police.html#incart_river,40.732,-74.0707
370474,2015-07-07,Maryland,Baltimore,3,1,http://gunviolencearchive.org/incident/370474,http://www.wbaltv.com/news/police-identify-victims-from-quadruple-shooting-in-west-baltimore/34072806?absolute=true,39.2901,-76.6324
369014,2015-07-05,Louisiana,Shreveport,0,8,http://gunviolencearchive.org/incident/369014,http://www.ksla.com/story/29538718/spd-third-person-sought-in-connection-with-shooting-that-injured-8,32.4801,-93.7804
368732,2015-07-05,Indiana,Fort Wayne,0,9,http://gunviolencearchive.org/incident/368732,http://www.journalgazette.net/news/Shooting-results-in-9-victims--1-critical-7559271,41.0793,-85.1394
369196,2015-07-05,New Jersey,East Orange,1,3,http://gunviolencearchive.org/incident/369196,http://www.northjersey.com/news/4-shot-1-fatally-in-east-orange-1.1369394,40.7586,-74.2205
369410,2015-07-04,Kentucky,Louisville,0,4,http://gunviolencearchive.org/incident/369410,http://www.wdrb.com/story/29476632/metrosafe-dispatcher-says-multiple-victims-shot-near-25th-and-broadway,38.249,-85.7937
368987,2015-07-04,Massachusetts,Pittsfield,1,4,http://gunviolencearchive.org/incident/368987,http://www.berkshireeagle.com/news/ci_28435940/reports-1-shot-dead-four-wounded-pittsfield-shooting,42.4542,-73.2604
368995,2015-07-04,New York,Syracuse,0,4,http://gunviolencearchive.org/incident/368995,http://www.syracuse.com/crime/index.ssf/2015/07/4_people_shot_as_suspect_opens_fire_on_syracuse_crowd_watching_july_4th_firework.html#incart_story_package,43.0334,-76.1612
369127,2015-07-04,Texas,San Antonio,0,4,http://gunviolencearchive.org/incident/369127,http://www.mysanantonio.com/news/local/article/Police-Fight-over-women-led-to-North-Side-6366733.php,29.472,-98.526
368867,2015-07-04,District of Columbia,Washington,1,3,http://gunviolencearchive.org/incident/368867,http://www.wusa9.com/story/news/local/dc/2015/07/30/july-fourth-quadruple-shooting-men-arrested/30916883/,38.8519,-76.9775
367780,2015-07-02,Indiana,Indianapolis,1,3,http://gunviolencearchive.org/incident/367780,http://www.wthr.com/story/30554448/suspect-identified-in-fatal-july-2-shooting-in-indianapolis,39.7747,-86.1949
366046,2015-06-29,Florida,Opa Locka,0,4,http://gunviolencearchive.org/incident/366046,http://www.wsvn.com/story/29437311/4-shot-in-opa-locka-neighborhood,0,0
365391,2015-06-28,Michigan,Detroit,0,5,http://gunviolencearchive.org/incident/365391,http://www.detroitnews.com/story/news/local/detroit-city/2015/06/28/several-shot-detroit-block-party/29449155/,42.416,-82.9902
367099,2015-06-28,Illinois,Venice,0,6,http://gunviolencearchive.org/incident/367099,http://thetelegraph.com/news/68559/alton-brothers-charged-in-shooting,38.6723,-90.1698
365399,2015-06-28,Delaware,Harrington,0,6,http://gunviolencearchive.org/incident/365399,http://www.delawareonline.com/story/news/crime/2015/06/28/people-shot-party/29445973/,38.921,-75.5748
364872,2015-06-27,Massachusetts,Taunton,1,3,http://gunviolencearchive.org/incident/364872,http://wpri.com/2015/07/09/taunton-teen-charged-with-murder-in-fatal-shooting/,41.8948,-71.091
364789,2015-06-27,Michigan,Detroit,0,4,http://gunviolencearchive.org/incident/364789,http://www.detroitnews.com/story/news/local/detroit-city/2015/06/28/several-shot-detroit-block-party/29449155/,42.3914,-82.9728
363418,2015-06-24,New York,New York (Manhattan),0,4,http://gunviolencearchive.org/incident/363418,https://www.dnainfo.com/new-york/20150624/central-harlem/4-people-wounded-1-critically-daylight-shooting-harlem-sources-say,40.8107,-73.9373
361948,2015-06-22,Pennsylvania,Philadelphia,0,7,http://gunviolencearchive.org/incident/361948,http://philadelphia.cbslocal.com/2015/06/22/cops-7-people-hurt-in-kensington-shooting/,39.9974,-75.1172
366949,2015-06-21,Pennsylvania,Pittsburgh (Wilkinsburg),0,4,http://gunviolencearchive.org/incident/366949,http://pittsburgh.cbslocal.com/2015/06/22/county-police-homicide-detectives-investigating-shooting-in-wilkinsburg/,40.4382,-79.8796
361708,2015-06-21,Kentucky,Lexington,1,4,http://gunviolencearchive.org/incident/361708,http://www.lex18.com/story/29404751/victim-in-douglass-park-shooting-dies,38.0686,-84.5023
361212,2015-06-20,Michigan,Detroit,1,11,http://gunviolencearchive.org/incident/361212,http://www.detroitnews.com/story/news/local/detroit-city/2015/06/21/block-party-shooting/29069505/,42.3797,-83.1241
360895,2015-06-20,North Carolina,Morven,0,4,http://gunviolencearchive.org/incident/360895,http://www.wbtv.com/story/29369047/four-shot-in-anson-county-shootout,34.864,-80.0012
361198,2015-06-20,Pennsylvania,Philadelphia,0,11,http://gunviolencearchive.org/incident/361198,http://www.nbcphiladelphia.com/news/local/Shooters-Identified-in-Block-Party-Shotgun-Shooting-That-Hurt-10-Including-Children-310193121.html,39.9692,-75.2059
361014,2015-06-19,Rhode Island,Woonsocket,0,4,http://gunviolencearchive.org/incident/361014,http://m.providencejournal.com/article/20150619/NEWS/150619206/14110,42.0004,-71.5177
359830,2015-06-17,South Carolina,Charleston,9,0,http://gunviolencearchive.org/incident/359830,http://7online.com/news/charleston-shooting-suspect-tried-killing-self-after-shooting-victims-son-says/797301/,32.7876,-79.9332
359215,2015-06-16,Florida,Miami Gardens,0,4,http://gunviolencearchive.org/incident/359215,http://www.nbcmiami.com/news/local/Four-People-Shot-in-Miami-Gardens-Police-307722511.html,25.9367,-80.2109
358117,2015-06-15,New York,Brooklyn,0,4,http://gunviolencearchive.org/incident/358117,http://www.nydailynews.com/new-york/nyc-crime/4-shot-1-slashed-brooklyn-bar-sources-article-1.2258318,40.6568,-73.9598
357667,2015-06-14,Oklahoma,Tulsa,0,4,http://gunviolencearchive.org/incident/357667,http://www.tulsaworld.com/news/crimewatch/four-hospitalized-in-overnight-shooting-at-north-tulsa-party/article_cdb02e7a-c686-58c0-971a-3638aff44fd7.html,36.1809,-95.9096
357611,2015-06-14,Missouri,Saint Louis,0,4,http://gunviolencearchive.org/incident/357611,http://www.stltoday.com/news/local/crime-and-courts/four-teens-shot-after-party-in-st-louis/article_998053df-ce00-5ecc-b4be-0e779b1de91a.html,38.648,-90.1962
357597,2015-06-14,New Jersey,Camden,1,3,http://gunviolencearchive.org/incident/357597,http://6abc.com/news/1-dead-3-wounded-in-camden-shooting/783893/,39.9493,-75.087
357732,2015-06-13,Georgia,Fayetteville,1,4,http://gunviolencearchive.org/incident/357732,http://www.ajc.com/news/news/crime-law/arrest-made-in-homicide-following-fayette-pool-par/nmgzk/,33.5328,-84.4548
357164,2015-06-13,Ohio,Columbus,4,1,http://gunviolencearchive.org/incident/357164,http://wdtn.com/2015/12/23/16-year-old-charged-in-4-slayings-at-ohio-home-in-june-arraignment-scheduled/,40.0134,-82.9664
357770,2015-06-13,Georgia,Milledgeville,1,3,http://gunviolencearchive.org/incident/357770,http://www.macon.com/2015/06/14/3796263_one-killed-three-wounded-in-shooting.html?rh=1,33.0838,-83.2449
357701,2015-06-13,New York,Bronx,0,5,http://gunviolencearchive.org/incident/357701,http://www.nbcnewyork.com/news/local/Suspect-Sought-5-Shot-Bronx-NYPD-307540851.html,40.8607,-73.8996
357590,2015-06-13,Oklahoma,Oklahoma City,0,4,http://gunviolencearchive.org/incident/357590,http://www.okcfox.com/story/29315672/four-injured-in-drive-by-shooting-2-arrested,35.3951,-97.5033
357220,2015-06-12,Florida,Allapattah,0,4,http://gunviolencearchive.org/incident/357220,http://www.nbcmiami.com/news/local/At-Least-1-Shot-in-Allapattah-Club-Shooting-307106481.html,25.8092,-80.2361
356065,2015-06-11,Connecticut,Bridgeport,1,8,http://gunviolencearchive.org/incident/356065,http://www.wfsb.com/story/29940429/2-arrested-in-bridgeport-ambush-shooting-that-killed-1-injured-8,41.2212,-73.1964
355883,2015-06-11,Texas,Houston,1,3,http://gunviolencearchive.org/incident/355883,http://www.khou.com/story/news/crime/2015/06/11/third-ward-quadruple-shooting-early-thursday/71052310/,29.7282,-95.3578
355644,2015-06-10,California,Los Angeles,1,3,http://gunviolencearchive.org/incident/355644,http://www.nbclosangeles.com/news/local/One-Dead-Two-Critical-in-Shooting-in-South-LA-306822421.html,33.9579,-118.292
355267,2015-06-09,Missouri,Saint Louis,1,3,http://gunviolencearchive.org/incident/355267,http://www.kmov.com/story/29279620/2-people-shot-in-north-st-louis,38.652,-90.2256
353854,2015-06-07,Montana,Deer Lodge,5,0,http://gunviolencearchive.org/incident/353854,http://www.spokesman.com/stories/2015/jun/14/family-friends-mourn-montana-murder-suicide/,46.3991,-112.738
353536,2015-06-06,New York,Buffalo,1,4,http://gunviolencearchive.org/incident/353536,http://wivb.com/2015/06/06/buffalo-police-investigate-triple-shooting/,42.8361,-78.7502
353037,2015-06-06,Illinois,Chicago,0,5,http://gunviolencearchive.org/incident/353037,http://www.chicagotribune.com/news/local/breaking/ct-chicago-shooting-violence-20150605-story.html,41.8823,-87.7588
353382,2015-06-05,Iowa,Davenport,0,5,http://gunviolencearchive.org/incident/353382,http://www.kcrg.com/subject/news/5-people-shot-in-davenport-police-investigating-20150607,41.5224,-90.5859
352779,2015-06-05,Louisiana,New Orleans,1,3,http://gunviolencearchive.org/incident/352779,http://www.nola.com/crime/index.ssf/2015/06/treme_quadruple_shooting_victi.html#incart_river,29.9653,-90.0658
351936,2015-06-03,New York,Wyandanch,3,1,http://gunviolencearchive.org/incident/351936,http://7online.com/news/3-dead-after-shooting-on-long-island/765774/,40.7403,-73.3626
350163,2015-05-31,Ohio,Cleveland,3,1,http://gunviolencearchive.org/incident/350163,http://www.newsnet5.com/news/local-news/cleveland-metro/woman-who-lost-father-daughter-in-deadly-shooting-speaks-out,41.4366,-81.8117
350021,2015-05-31,Maryland,Springdale,1,3,http://gunviolencearchive.org/incident/350021,http://www.nbcwashington.com/news/local/One-Dead-Three-Injured-in-Shooting-at-Prince-George-Co-Park-305617831.html,38.9376,-76.8467
349976,2015-05-31,Connecticut,New Haven,0,5,http://gunviolencearchive.org/incident/349976,http://www.nbcconnecticut.com/news/local/Man-Charged-in-New-Haven-Party-Shooting-307023031.html,41.306,-72.9251
350182,2015-05-31,Georgia,Conyers,3,2,http://gunviolencearchive.org/incident/350182,http://www.covnews.com/section/1/article/59620/,33.5642,-84.0155
349289,2015-05-30,California,San Diego,0,4,http://gunviolencearchive.org/incident/349289,http://www.cbs8.com/story/29196990/4-shot-at-bar-swat-standoff-underway,32.7115,-117.105
348606,2015-05-28,Nebraska,Omaha,0,4,http://gunviolencearchive.org/incident/348606,http://www.ketv.com/news/4-hurt-in-thursday-night-shooting/33277800,41.2053,-96.0441
348620,2015-05-28,Illinois,Chicago,0,5,http://gunviolencearchive.org/incident/348620,http://www.dnainfo.com/chicago/20150529/west-englewood/toddler-among-five-wounded-west-englewood-shooting-police-say,41.7812,-87.6703
348673,2015-05-28,Pennsylvania,Chester,1,3,http://gunviolencearchive.org/incident/348673,http://www.nbcphiladelphia.com/news/local/14-Year-Old-Among-Victims-in-Chester-Quadruple-Shooting-305441301.html,39.8325,-75.3902
346725,2015-05-26,Louisiana,New Orleans,2,2,http://gunviolencearchive.org/incident/346725,http://www.ksla.com/story/29153853/2-dead-2-wounded-in-new-orleans-shooting,30.0289,-89.9846
346097,2015-05-25,Illinois,Decatur,1,4,http://gunviolencearchive.org/incident/346097,http://www.wandtv.com/story/29147832/person-shot-killed,39.8608,-88.9547
345749,2015-05-24,Michigan,Flint,0,7,http://gunviolencearchive.org/incident/345749,http://www.mlive.com/news/flint/index.ssf/2015/05/two_men_charged_in_shooting_at.html#incart_river,42.9944,-83.7044
345681,2015-05-24,Massachusetts,Brockton,0,5,http://gunviolencearchive.org/incident/345681,http://www.enterprisenews.com/article/20150615/NEWS/150617718/0/breaking_ajax,42.0656,-71.016
346320,2015-05-24,Alabama,Montgomery,1,3,http://gunviolencearchive.org/incident/346320,http://www.wsfa.com/story/29146971/4th-suspect-charged-in-connection-to-may-24-smiley-court-shooting,32.3344,-86.3523
346179,2015-05-24,Missouri,Saint Louis,0,4,http://gunviolencearchive.org/incident/346179,http://www.connectmidmissouri.com/news/story.aspx?list=196407&id=1209063#.VWON90YpDIU,38.6419,-90.2144
346202,2015-05-23,California,Fresno,2,2,http://gunviolencearchive.org/incident/346202,http://www.fresnobee.com/news/local/crime/article22193589.html,36.7142,-119.759
344302,2015-05-20,Maryland,Baltimore,1,4,http://gunviolencearchive.org/incident/344302,http://www.baltimoresun.com/news/maryland/crime/blog/bs-md-ci-homicide-rapper-20150522-story.html,39.3718,-76.5364
343106,2015-05-18,Missouri,Kinloch,0,4,http://gunviolencearchive.org/incident/343106,http://www.kmov.com/story/29099207/two-hospitalized-after-late-night-shooting-in-kinloch,38.7449,-90.3191
342589,2015-05-18,Florida,Miami,1,4,http://gunviolencearchive.org/incident/342589,http://www.nbcmiami.com/news/local/Multiple-People-Shot-1-Dead-in-NW-Miami-Dade-Police-304198751.html,25.8429,-80.2243
341622,2015-05-17,Texas,Waco,9,18,http://gunviolencearchive.org/incident/341622,http://www.kwtx.com/news/local/headlines/Waco-Shooting-Near-Twin-Peaks-In-Waco-304043711.html,31.5188,-97.1354
341465,2015-05-16,Wisconsin,Milwaukee,0,5,http://gunviolencearchive.org/incident/341465,http://fox6now.com/2015/05/26/three-men-with-prior-convictions-charged-in-connection-with-kendrai-walkers-death-shooting-at-his-vigil/,43.077,-87.9485
341162,2015-05-16,New York,Rochester,0,4,http://gunviolencearchive.org/incident/341162,http://www.democratandchronicle.com/story/news/2015/12/03/rochester-tops-upstate-mass-shootings/76715490/,43.1647,-77.5947
341232,2015-05-16,Maryland,Baltimore,0,5,http://gunviolencearchive.org/incident/341232,http://www.wbaltv.com/news/2-men-2-women-shot-in-baltimore-police-say/33062884,39.3097,-76.5954
340280,2015-05-12,Maryland,Capitol Heights,1,4,http://gunviolencearchive.org/incident/340280,http://www.washingtonpost.com/local/crime/one-person-dead-after-homicide-in-prince-georges-county/2015/05/13/0f49fd38-f95a-11e4-9ef4-1bb7ce3b3fb7_story.html,38.8706,-76.9262
339229,2015-05-12,Arizona,Tucson,5,0,http://gunviolencearchive.org/incident/339229,http://www.scrippsmedia.com/kgun9/news/Murder-suicide-on-southside-multiple-victims-303547701.html,32.1299,-111.066
337855,2015-05-10,Ohio,Cleveland,1,4,http://gunviolencearchive.org/incident/337855,http://www.cleveland.com/metro/index.ssf/2015/07/cleveland_man_charged_in_payba.html#incart_river,41.4544,-81.7645
338034,2015-05-10,New Jersey,Jersey City,0,4,http://gunviolencearchive.org/incident/338034,http://www.nj.com/hudson/index.ssf/2015/05/4_women_shot_on_jersey_city_street_5_charged_with.html#incart_river,40.7075,-74.0808
337767,2015-05-10,New Jersey,Newark,1,3,http://gunviolencearchive.org/incident/337767,http://newyork.cbslocal.com/2015/05/15/newark-mothers-day-shooting-arrest/,40.7314,-74.2099
335903,2015-05-07,Ohio,Cincinnati,0,4,http://gunviolencearchive.org/incident/335903,http://www.wlwt.com/news/cpd-investigating-quadruple-shooting-on-baltimore-avenue/32867572,39.1497,-84.5615
334681,2015-05-04,New York,Buffalo,1,3,http://gunviolencearchive.org/incident/334681,http://www.buffalonews.com/city-region/police-identify-teen-fatally-shot-last-week-on-roosevelt-avenue-20150511,42.934,-78.8098
334033,2015-05-03,Indiana,South Bend,0,4,http://gunviolencearchive.org/incident/334033,http://www.southbendtribune.com/news/publicsafety/south-bend-police-looking-for-suspects-in-weekend-gunfight/article_6c8972d2-f29b-11e4-b27d-8ba8150ab76f.html,41.6578,-86.256
333750,2015-05-03,Wisconsin,Menasha,4,1,http://gunviolencearchive.org/incident/333750,http://fox6now.com/2015/06/11/released-menasha-police-issue-final-report-on-trestle-trail-bridge-shooting/,0,0
333584,2015-05-03,Texas,Houston,0,6,http://gunviolencearchive.org/incident/333584,http://www.khou.com/story/news/local/2015/05/03/mass-shooting-at-houston-nightclub-six-injured/26826747/,29.7406,-95.3753
334047,2015-05-03,New York,Bronx,0,4,http://gunviolencearchive.org/incident/334047,http://nypost.com/2015/05/04/daily-blotter-512/,40.8447,-73.9228
333576,2015-05-03,Ohio,Dayton,1,6,http://gunviolencearchive.org/incident/333576,http://www.whio.com/news/news/crime-law/multiple-people-shot-on-macarthur-ave-in-dayton/nk74C/#__federated=1,39.7317,-84.2512
332732,2015-05-01,Wisconsin,Milwaukee,2,3,http://gunviolencearchive.org/incident/332732,http://www.cbs58.com/story/29180652/second-suspect-charged-in-double-homicide-at-37th-and-nash-street,43.0845,-87.9593
330611,2015-04-27,New York,Brooklyn,2,4,http://gunviolencearchive.org/incident/330611,http://www.sfgate.com/news/crime/article/NYPD-Man-arrested-in-fatal-shooting-outside-6603104.php,40.6378,-73.9525
330750,2015-04-27,Arizona,Gila Bend,2,2,http://gunviolencearchive.org/incident/330750,http://azdailysun.com/news/state-and-regional/mcso-people-dead-wounded-in-shooting-east-of-gila-bend/article_858544a6-fbd7-592c-8c5a-141c79e7836a.html,32.949,-112.707
329463,2015-04-25,New Jersey,Trenton,0,4,http://gunviolencearchive.org/incident/329463,http://www.nj.com/mercer/index.ssf/2015/04/4_shot_in_trenton_early_saturday_night_police_say.html#incart_river,40.2218,-74.7606
329322,2015-04-25,New York,Gates,1,6,http://gunviolencearchive.org/incident/329322,http://www.democratandchronicle.com/story/news/2015/04/27/gates-pub-shooting-victims-identified/26463371/,43.1386,-77.672
326792,2015-04-21,Texas,Killeen,2,3,http://gunviolencearchive.org/incident/326792,http://kdhnews.com/news/crime/accused-shooter-appears-in-court/article_b26a5bbe-61a8-11e5-93d3-bb4b806efc68.html,31.124,-97.7371
325862,2015-04-19,Virginia,Richmond,0,4,http://gunviolencearchive.org/incident/325862,http://www.nbc12.com/story/28842062/rpd-4-shot-in-gilpin-court,37.5547,-77.4366
325445,2015-04-18,Pennsylvania,Williamsport,0,5,http://gunviolencearchive.org/incident/325445,http://www.pennlive.com/midstate/index.ssf/2015/04/five_wounded_in_shooting_outsi.html#incart_river,41.2404,-77.0026
327341,2015-04-18,Alabama,Montgomery,0,5,http://gunviolencearchive.org/incident/327341,http://www.wsfa.com/story/28841135/5-injured-in-west-montgomery-shooting,32.3573,-86.3358
325166,2015-04-18,North Carolina,Lumberton,1,3,http://gunviolencearchive.org/incident/325166,http://www.wave3.com/story/28837482/police-shooting-in-lumberton-leaves-one-dead-6-year-old-child-among-3-injured,34.5993,-79.0342
325207,2015-04-18,North Carolina,Charlotte,0,4,http://gunviolencearchive.org/incident/325207,http://www.wsoctv.com/news/news/local/medic-1-person-taken-hospital-after-west-charlotte/nkxff/,35.2257,-80.9011
325618,2015-04-18,New Jersey,Patterson,1,3,http://gunviolencearchive.org/incident/325618,http://www.northjersey.com/news/second-man-arrested-on-murder-charges-in-death-of-paterson-teen-1.1318793,0,0
324424,2015-04-16,Arizona,Phoenix,5,0,http://gunviolencearchive.org/incident/324424,http://www.azcentral.com/story/news/local/phoenix/2015/04/17/phoenix-five-murdered-abrk/25930963/,33.6417,-111.989
319808,2015-04-07,Georgia,Rome,1,3,http://gunviolencearchive.org/incident/319808,http://www.northwestgeorgianews.com/rome/news/police_fire/rome-man-charged-in-fatal-shooting-on-copeland-street-joseph/article_a0157e4c-df1e-11e4-8d4e-831dedec8c3e.html,34.2652,-85.1587
318125,2015-04-05,Pennsylvania,Pittsburgh,1,3,http://gunviolencearchive.org/incident/318125,http://www.post-gazette.com/local/city/2015/04/05/One-dead-three-injured-in-Hill-Distric-shooting/stories/201504050225,40.4412,-79.9806
318221,2015-04-05,Kentucky,Louisville,1,4,http://gunviolencearchive.org/incident/318221,http://www.wave3.com/story/28724814/5-people-shot-in-early-hours-of-easter-sunday,38.2429,-85.8185
318297,2015-04-05,Indiana,Indianapolis,0,5,http://gunviolencearchive.org/incident/318297,http://fox59.com/2015/04/10/suspect-identified-in-shooting-that-injured-2-women-3-children/,39.8588,-86.2458
318531,2015-04-05,Michigan,Benton Harbor,0,4,http://gunviolencearchive.org/incident/318531,http://www.southbendtribune.com/news/benton-harbor-shooting-victims-identified/article_f3bca6c2-dcb9-11e4-bee6-efe62badd34b.html,42.1156,-86.4336
317165,2015-04-03,Florida,Daytona Beach,0,4,http://gunviolencearchive.org/incident/317165,http://www.mynews13.com/content/news/cfnews13/news/article.html/content/news/articles/cfn/2015/4/3/several_people_shot_.html,29.2313,-81.0621
316795,2015-04-02,Maryland,Baltimore,0,5,http://gunviolencearchive.org/incident/316795,http://www.baltimoresun.com/news/maryland/bs-md-multiple-shooting-west-lanvale-20150402-story.html,39.2978,-76.6476
314044,2015-03-27,Florida,Panama City Beach,0,7,http://gunviolencearchive.org/incident/314044,http://www.newsherald.com/news/crime-public-safety/update-7-shot-at-spring-break-party-1.457338?tc=cr,30.1437,-85.7557
313304,2015-03-26,Texas,Amarillo,0,4,http://gunviolencearchive.org/incident/313304,http://www.connectamarillo.com/news/story.aspx?id=1183398#.VRX-ePnF9g0,35.2446,-101.824
312119,2015-03-24,Indiana,Indianapolis,4,0,http://gunviolencearchive.org/incident/312119,http://fox59.com/2015/03/25/family-member-of-quadruple-homicide-victims-enough-is-enough/,39.811,-86.1871
311922,2015-03-23,Tennessee,Clarksville,1,4,http://gunviolencearchive.org/incident/311922,http://www.rawstory.com/rs/2015/03/five-wounded-in-shooting-near-university-in-tennessee/,36.5367,-87.3488
311348,2015-03-22,New Mexico,Albuquerque,1,6,http://gunviolencearchive.org/incident/311348,http://www.abqjournal.com/581724/news/fatal-shooting-of-17-year-old-at-skate-park-was-self-defense-police-say.html,35.0873,-106.535
310573,2015-03-21,Florida,Tampa,0,4,http://gunviolencearchive.org/incident/310573,http://tbo.com/news/crime/police-arrest-suspect-in-shooting-at-ybor-city-restaurant-20150326/?page=1,27.9604,-82.439
468151,2015-03-20,Texas,Lancaster,1,5,http://gunviolencearchive.org/incident/468151,http://crimeblog.dallasnews.com/2015/03/five-wounded-one-killed-in-lancaster-shooting.html/,32.6116,-96.7888
308839,2015-03-18,New Jersey,Newark,1,3,http://gunviolencearchive.org/incident/308839,http://www.northjersey.com/news/police-1-killed-3-wounded-in-afternoon-shooting-in-newark-1.1291344,40.7145,-74.2132
308728,2015-03-18,Arizona,Mesa,1,5,http://gunviolencearchive.org/incident/308728,http://www.azcentral.com/story/news/local/best-reads/2015/03/25/mesa-shooting-fifth-victim-recounts-shattered-hopes/70455838/,33.4152,-111.864
308687,2015-03-17,California,Stockton,3,4,http://gunviolencearchive.org/incident/308687,http://www.columbian.com/news/2015/mar/18/3-killed-4-hurt-in-shooting-at-california-convenie/?utm_source=feedburner&utm_medium=feed&utm_campaign=Feed%3A+the-columbian-headlines+%28The+Columbian%3A+Headlines%29,37.9597,-121.296
307512,2015-03-15,California,Compton,0,4,http://gunviolencearchive.org/incident/307512,http://losangeles.cbslocal.com/2015/03/15/2-girls-2-men-shot-at-birthday-party-in-compton/,33.8863,-118.257
306897,2015-03-14,Georgia,Atlanta,0,5,http://gunviolencearchive.org/incident/306897,http://www.wsbtv.com/news/news/local/police-investigating-shooting-left-5-men-injured/nkXFD/,33.755,-84.482
308201,2015-03-14,California,Coachella,0,4,http://gunviolencearchive.org/incident/308201,http://www.kesq.com/news/mulitple-people-recovering-after-coachella-shooting/31824366,33.6747,-116.18
305907,2015-03-13,Mississippi,Brookhaven,2,3,http://gunviolencearchive.org/incident/305907,http://www.msnewsnow.com/story/29197845/suspect-in-brookhaven-mass-shooting-found-dead,31.561,-90.4451
304238,2015-03-10,Georgia,Columbus,0,5,http://gunviolencearchive.org/incident/304238,http://www.ledger-enquirer.com/2015/03/10/3607030_five-wounded-during-tuesday-morning.html?rh=1,32.4375,-84.9598
303659,2015-03-09,Illinois,Chicago,1,3,http://gunviolencearchive.org/incident/303659,http://www.nydailynews.com/news/national/chicago-deacon-grandson-wounded-family-couch-report-article-1.2144578,41.7018,-87.6549
302786,2015-03-08,South Carolina,Seneca,1,3,http://gunviolencearchive.org/incident/302786,http://www.ledger-enquirer.com/2015/03/12/3611771_man-with-columbus-ties-charged.html?rh=1,34.664,-82.9271
300860,2015-03-04,California,San Bernardino,2,5,http://gunviolencearchive.org/incident/300860,http://www.jrn.com/ktnv/news/Man-arrested-in-Las-Vegas-in-deadly-California-shooting-295774851.html,34.0605,-117.285
300660,2015-03-01,Florida,Orange County,0,4,http://gunviolencearchive.org/incident/300660,http://www.myfoxorlando.com/story/28233960/four-people-shot-in-tangelo-park,28.452,-81.4441
299344,2015-03-01,Michigan,Detroit,1,5,http://gunviolencearchive.org/incident/299344,http://www.myfoxdetroit.com/story/28236893/4-in-custody-after-deadly-shooting-at-detroit-community-hall,42.4117,-82.9691
299190,2015-02-28,Maryland,Baltimore,1,3,http://gunviolencearchive.org/incident/299190,http://baltimore.cbslocal.com/2015/02/28/multiple-injured-in-baltimore-shooting/,39.3435,-76.588
298122,2015-02-26,Missouri,Tyrone,8,1,http://gunviolencearchive.org/incident/298122,http://www.times-standard.com/general-news/20150408/sheriff-missouri-shooter-was-drunk-had-marijuana-in-system,37.1956,-91.9012
297681,2015-02-25,Texas,Houston,3,3,http://gunviolencearchive.org/incident/297681,http://www.khou.com/story/news/2015/02/26/3-dead-2-injured-in-south-houston-shooting/24040425/,29.6599,-95.3556
296215,2015-02-22,Texas,Killeen,4,1,http://gunviolencearchive.org/incident/296215,http://www.statesman.com/news/news/crime-law/police-four-dead-in-killeen-shooting/nkG9j/,31.1199,-97.6832
296121,2015-02-22,Georgia,Clarkesville,3,2,http://gunviolencearchive.org/incident/296121,http://www.ajc.com/news/news/gbi-ex-habersham-deputy-killed-wife-man-before-amb/nkHQD/,34.6357,-83.5978
296327,2015-02-22,South Carolina,Charleston,0,4,http://gunviolencearchive.org/incident/296327,http://www.postandcourier.com/article/20150227/PC16/150229443/1177/nightclub-shooting-stemmed-from-long-standing-feud-detective-says,32.8542,-80.0058
295871,2015-02-20,California,Sacramento,0,4,http://gunviolencearchive.org/incident/295871,http://celebrityexaminer.com/2015/02/22/chaos-erupts-ace-spades-concert/,38.57,-121.491
295502,2015-02-17,Arkansas,Little Rock,1,3,http://gunviolencearchive.org/incident/295502,http://www.arkansasmatters.com/story/d/story/4-shot-1-dead-in-southwest-lr-shooting-police-inve/17050/QvrbX3qJTU2BEbM4xJYtEg,34.677,-92.3196
293883,2015-02-15,California,Long Beach,0,5,http://gunviolencearchive.org/incident/293883,http://www.presstelegram.com/general-news/20150219/5-arrested-in-connection-with-long-beach-drive-by-shooting,33.7837,-118.194
290626,2015-02-09,Florida,New Port Richey,3,1,http://gunviolencearchive.org/incident/290626,http://tbo.com/news/breaking-news/search-continues-for-suspects-in-moon-lake-slayings-20150210/,28.2963,-82.6173
290510,2015-02-08,Tennessee,Maury City,0,6,http://gunviolencearchive.org/incident/290510,http://www.wmcactionnews5.com/story/28054306/six-hit-in-early-morning-crockett-county-shooting,0,0
289811,2015-02-07,Georgia,Douglasville,5,2,http://gunviolencearchive.org/incident/289811,http://www.wbtw.com/story/28062177/fight-with-wife-over-taxes-lead-man-to-kill-4-people-police-say,33.7138,-84.6692
290098,2015-02-06,Oklahoma,Tulsa,1,4,http://gunviolencearchive.org/incident/290098,http://www.tulsaworld.com/news/courts/two-alleged-gang-members-bound-for-murder-trial-in-tulsa/article_b1280d3d-2616-51c5-a21c-623c062ead53.html,36.1723,-95.9045
289146,2015-02-05,Ohio,Warrensville Heights,3,3,http://gunviolencearchive.org/incident/289146,http://www.morningjournal.com/general-news/20150428/man-accused-in-warrensville-heights-barbershop-slayings-has-charges-added,41.4497,-81.4944
287529,2015-02-01,New York,Syracuse,0,6,http://gunviolencearchive.org/incident/287529,http://www.syracuse.com/crime/index.ssf/2015/02/all_6_tipp_hill_shooting_victims_out_of_hospital.html,43.0468,-76.1758
287031,2015-02-01,New York,New York (Manhattan),1,4,http://gunviolencearchive.org/incident/287031,http://abc7ny.com/news/2-men-under-arrest-for-shooting-in-hamilton-heights-that-killed-1-wounded-4/948385/,40.8206,-73.9548
286810,2015-01-31,Georgia,Lagrange,4,0,http://gunviolencearchive.org/incident/286810,http://www.11alive.com/story/news/crime/2015/02/01/bodies-found-lagrange-home/22686703/,32.9776,-85.142
285549,2015-01-28,Georgia,Dekalb County,1,3,http://gunviolencearchive.org/incident/285549,http://www.cbs46.com/story/27970066/shooting-in-dekalb-county-leaves-one-dead-three-injured?autostart=true,33.6913,-84.1796
285123,2015-01-26,California,Stockton,1,3,http://gunviolencearchive.org/incident/285123,http://www.kcra.com/news/local-news/news-stockton/teenager-dies-3-others-hurt-in-stockton-shooting/30937222,37.9307,-121.265
282956,2015-01-24,New York,Arverne (Queens),4,1,http://gunviolencearchive.org/incident/282956,http://nypost.com/2015/01/26/dad-who-massacred-family-thought-baby-mama-was-cheating/,40.6557,-73.7508
283041,2015-01-24,Nebraska,Omaha,3,5,http://gunviolencearchive.org/incident/283041,http://www.wowt.com/home/headlines/Gun-Arrest-In-Connection-To-Triple-Homicide-291439581.html,41.2767,-95.9637
283115,2015-01-23,Massachusetts,Boston,0,6,http://gunviolencearchive.org/incident/283115,http://www.bostonherald.com/news_opinion/local_coverage/2015/01/gunfire_erupts_at_jp_party_six_wounded,42.3243,-71.101
281663,2015-01-20,Tennessee,Clarksville,1,3,http://gunviolencearchive.org/incident/281663,http://www.wsmv.com/story/27904193/clarksville-police-id-suspect-in-shooting,36.6134,-87.419
281039,2015-01-19,Texas,San Antonio,2,5,http://gunviolencearchive.org/incident/281039,http://www.mysanantonio.com/news/local/article/Third-and-final-suspect-arrested-in-MLK-Day-6123541.php,29.4214,-98.4608
279254,2015-01-16,California,Oakland,2,2,http://gunviolencearchive.org/incident/279254,http://www.ktvu.com/story/27871484/2-schools-locked-down-in-east-oakland-after-shooting-leaves-2-dead,37.7333,-122.178
298773,2015-01-13,Virginia,Portsmouth,0,5,http://gunviolencearchive.org/incident/298773,http://wtkr.com/2015/01/13/early-morning-shooting-at-portsmouth-lounge-leaves-5-people-injured/,36.8192,-76.3134
278927,2015-01-13,Illinois,Rockford,2,2,http://gunviolencearchive.org/incident/278927,http://www.rrstar.com/article/20150114/NEWS/150119737/10448/NEWS,42.2829,-89.1149
276845,2015-01-11,North Carolina,Hope Mills,2,5,http://gunviolencearchive.org/incident/276845,http://abc11.com/news/third-suspect-arrested-in-hope-mills-fatal-shooting/538772/,34.9339,-78.8664
277480,2015-01-11,Florida,Lakeland,1,3,http://gunviolencearchive.org/incident/277480,http://tbo.com/news/crime/one-dead-in-apparent-lakeland-home-invasion-20150112/?page=1,28.1425,-81.982
276766,2015-01-11,California,San Jose,0,5,http://gunviolencearchive.org/incident/276766,http://www.mercurynews.com/crime-courts/ci_27299636/san-jose-five-shot-outside-nightclub-hosting-r,37.2818,-121.839
276536,2015-01-10,Kansas,Wichita,2,2,http://gunviolencearchive.org/incident/276536,http://www.kansas.com/news/local/crime/article6238995.html,37.6646,-97.2797
276459,2015-01-09,California,San Francisco,4,0,http://gunviolencearchive.org/incident/276459,http://www.nbclosangeles.com/news/california/4-People-Dead-in-San-Francisco-Shooting-288132691.html,37.7737,-122.426
275986,2015-01-08,Massachusetts,Boston,1,3,http://gunviolencearchive.org/incident/275986,http://boston.homicidewatch.org/2015/01/20/alex-dosouto-24-fatally-shot-in-roxbury/,42.3169,-71.0897
275064,2015-01-07,Tennessee,Chattanooga,1,3,http://gunviolencearchive.org/incident/275064,http://www.wrcbtv.com/story/29297883/cpd-responding-to-reports-of-shooting-involving-a-4-year-old,35.0403,-85.3182
274867,2015-01-06,Florida,Miami,1,3,http://gunviolencearchive.org/incident/274867,http://www.nbcmiami.com/news/local/2-Shot-2-Grazed-by-Bullets-in-Miami-287737751.html,25.8315,-80.2188
273535,2015-01-04,Virginia,Roanoke,2,4,http://gunviolencearchive.org/incident/273535,http://www.roanoke.com/news/crime/roanoke/new-indictments-emerge-from-fatal-roanoke-shootings/article_3b5b9afc-7ee0-5d88-ab39-f1292ab2fdc1.html,37.281,-79.9985
273397,2015-01-04,Texas,Dallas,3,1,http://gunviolencearchive.org/incident/273397,http://thepolicenews.net/default.aspx?act=Newsletter.aspx&category=News+1-2&newsletterid=50853&menugroup=Home,32.6799,-96.6111
273965,2015-01-02,Georgia,Savannah,1,4,http://gunviolencearchive.org/incident/273965,http://savannahnow.com/crime/2015-01-02/police-1-dead-4-injured-overnight-savannah-shooting,32.0415,-81.0945
272016,2015-01-01,Tennessee,Memphis,0,5,http://gunviolencearchive.org/incident/272016,http://www.wmcactionnews5.com/story/29446021/nye-party-bus-shooting-suspects-indicted-on-25-counts-of-first-degree-murder,35.1489,-90.0461